z_dim,aevb,wake_sleep,aevb_lb_advantage,wake_sleep_minus_aevb_nelbo
3,-141.75863349609375,-146.83066015625,5.07202666015624,5.07202666015624
5,-124.50094326171876,-127.96551318359376,3.464569921874997,3.464569921874997
10,-107.41223603515624,-112.97104951171876,5.55881347656252,5.55881347656252
20,-100.7610955078125,-106.3464619140625,5.585366406250003,5.585366406250003
200,-99.26089443359376,-108.02163896484376,8.760744531249998,8.760744531249998
