method,z_dim,hidden_dim,final_test_lower_bound_mean,final_test_lower_bound_std,final_test_negative_elbo_mean,final_test_negative_elbo_std,final_test_bce_mean,final_test_kl_mean,negative_elbo_improvement_vs_previous
aevb,3,500,-141.30056770833335,0.404589445261193,141.30056770833335,0.404589445261193,133.55123291015624,7.74933423461914,
aevb,5,500,-124.40520582682292,0.3736251818411467,124.40520582682292,0.3736251818411467,113.07315986328123,11.332045662434895,16.895361881510425
aevb,10,500,-107.57181152343747,0.1712265295659942,107.57181152343747,0.1712265295659942,89.20896943359374,18.36284190673828,16.833394303385447
aevb,20,500,-100.60879674479168,0.7119093288967389,100.60879674479168,0.7119093288967389,73.97954907226563,26.629247322591144,6.9630147786458
aevb,200,500,-99.2345302734375,0.0375857502611583,99.2345302734375,0.0375857502611583,70.70782106119792,28.526709334309896,1.3742664713541757
