lr,train_negative_elbo
0.01,141.03392196655273
0.02,149.91806073506675
0.1,11485.426034647624
